Height,Length,Width,Engine_Line,Engine_Type,Hybrid,Gears,Transmission,City_MPG,Fuel Information.Fuel Type,Fuel Information.Highway mpg,Identification.Classification,Identification.ID,Identification.Make,Identification.Model Year,Identification.Year,Horsepower,Torque
193,34,107,Rear-wheel drive,Bentley 6.8L 8 cylinder 530hp 774 ft-lbs Turbo,TRUE,6,6 Speed Automatic,9,Gasoline,15,Automatic transmission,2010 Bentley Brooklands,Bentley,2010 Bentley Brooklands,2010,530,774
110,199,153,All-wheel drive,Bentley 6.0L 12 Cylinder 621 hp 590 ft-lbs FFV Turbo,TRUE,6,6 Speed Automatic Select Shift,8,E85,14,Automatic transmission,2012 Bentley Continental Supersports Coupe,Bentley,2012 Bentley Continental Supersports Coupe,2012,621,590
99,195,153,All-wheel drive,Bentley 6.0L 12 Cylinder 621 hp 590 ft-lbs FFV Turbo,TRUE,6,6 Speed Automatic,8,E85,14,Automatic transmission,2012 Bentley Continental Supersports Convertible,Bentley,2012 Bentley Continental Supersports Convertible,2012,621,590
99,195,153,All-wheel drive,Bentley 6.0L 12 Cylinder 621 hp 590 ft-lbs FFV Turbo,TRUE,6,6 Speed Automatic,8,E85,14,Automatic transmission,2011 Bentley Continental Supersports Convertible,Bentley,2011 Bentley Continental Supersports Convertible,2011,621,590
99,195,153,All-wheel drive,Bentley 6.0L 12 Cylinder 621 hp 590 ft-lbs FFV Turbo,TRUE,6,6 Speed Automatic,12,Gasoline,19,Automatic transmission,2010 Bentley Continental Supersports,Bentley,2010 Bentley Continental Supersports,2010,621,590
185,170,184,All-wheel drive,Bentley 6.0L 12 Cylinder 600 hp 553 ft-lbs FFV Turbo,TRUE,6,6 Speed Automatic,10,Gasoline,17,Automatic transmission,2011 Bentley Continental Flying Spur Speed,Bentley,2011 Bentley Continental Flying Spur,2011,600,553
185,170,184,All-wheel drive,Bentley 6.0L 12 cylinder 600hp 553 ft-lbs Turbo,TRUE,6,6 Speed Automatic,10,Gasoline,17,Automatic transmission,2010 Bentley Continental Flying Spur Speed,Bentley,2010 Bentley Continental Flying Spur,2010,600,553
108,170,184,All-wheel drive,Bentley 6.0L 12 Cylinder 600 hp 553 ft-lbs FFV Turbo,TRUE,6,6 Speed Automatic,11,Gasoline,19,Automatic transmission,2012 Bentley Continental Flying Spur Speed,Bentley,2012 Bentley Continental Flying Spur,2012,600,553
226,243,201,All-wheel drive,BMW 4.4L 8 cylinder 555hp 500 ft-lbs Turbo,TRUE,6,6 Speed Automatic Select Shift,12,Gasoline,17,Automatic transmission,2010 BMW X5 M SUV,BMW,2010 BMW X5,2010,555,500
226,243,201,All-wheel drive,BMW 4.4L 8 cylinder 555hp 500 ft-lbs Turbo,TRUE,6,6 Speed Automatic Select Shift,12,Gasoline,17,Automatic transmission,2011 BMW X5 M SUV,BMW,2011 BMW X5,2011,555,500
148,12,191,All-wheel drive,BMW 4.4L 8 cylinder 555hp 500 ft-lbs Turbo,TRUE,6,6 Speed Automatic Select Shift,12,Gasoline,17,Automatic transmission,2010 BMW X6 M,BMW,2010 BMW X6,2010,555,500
148,12,191,All-wheel drive,BMW 4.4L 8 cylinder 555hp 500 ft-lbs Turbo,TRUE,6,6 Speed Automatic Select Shift,12,Gasoline,17,Automatic transmission,2011 BMW X6 M,BMW,2011 BMW X6,2011,555,500
195,170,184,All-wheel drive,Bentley 6.0L 12 cylinder 552 hp 479 ft-lbs Turbo,TRUE,6,6 Speed Automatic,10,Gasoline,17,Automatic transmission,2010 Bentley Continental Flying Spur,Bentley,2010 Bentley Continental Flying Spur,2010,552,479
118,170,184,All-wheel drive,Bentley 6.0L 12 Cylinder 552 hp 479 ft-lbs FFV Turbo,TRUE,6,6 Speed Automatic,8,E85,13,Automatic transmission,2012 Bentley Continental Flying Spur,Bentley,2012 Bentley Continental Flying Spur,2012,552,479
22,60,219,Rear-wheel drive,Chevrolet 6.0L 8 Cylinder 324 hp 373 ft-lbs FFV,TRUE,6,6 Speed Automatic,8,E85,12,Automatic transmission,2011 Chevrolet Express LS 2500 6.0L,Chevrolet,2011 Chevrolet Express,2011,324,373
203,19,72,All-wheel drive,Volvo 3.0 L 6 Cylinder 325 HP 354 ft-lbs Turbo,TRUE,6,6 Speed Automatic Select Shift,18,Gasoline,26,Automatic transmission,2012 Volvo S60 R-Design,Volvo,2012 Volvo S60,2012,325,354
77,60,219,Rear-wheel drive,Chevrolet 5.3L 8 Cylinder 310 hp 334 ft-lbs FFV,TRUE,4,4 Speed Automatic,13,Gasoline,18,Automatic transmission,2012 Chevrolet Express LS 1500,Chevrolet,2012 Chevrolet Express,2012,310,334
77,60,219,All-wheel drive,Chevrolet 5.3L 8 Cylinder 310 hp 334 ft-lbs FFV,TRUE,4,4 Speed Automatic,9,E85,12,Automatic transmission,2012 Chevrolet Express LS 1500 AWD,Chevrolet,2012 Chevrolet Express,2012,310,334
77,60,219,Rear-wheel drive,Chevrolet 5.3L 8 Cylinder 310 hp 334 ft-lbs FFV,TRUE,4,4 Speed Automatic,13,Gasoline,17,Automatic transmission,2011 Chevrolet Express LS 1500,Chevrolet,2011 Chevrolet Express,2011,310,334
77,60,219,All-wheel drive,Chevrolet 5.3L 8 Cylinder 310 hp 334 ft-lbs FFV,TRUE,4,4 Speed Automatic,13,Gasoline,17,Automatic transmission,2011 Chevrolet Express LS 1500 AWD,Chevrolet,2011 Chevrolet Express,2011,310,334
24,60,224,Rear-wheel drive,Chevrolet 5.3L 8 Cylinder 310 hp 334 ft-lbs FFV,TRUE,4,4 Speed Automatic,10,E85,13,Automatic transmission,2010 Chevrolet Express LS 1500,Chevrolet,2010 Chevrolet Express,2010,310,334
24,60,224,All-wheel drive,Chevrolet 5.3L 8 Cylinder 310 hp 334 ft-lbs FFV,TRUE,4,4 Speed Automatic,13,Gasoline,17,Automatic transmission,2010 Chevrolet Express LS 1500 AWD,Chevrolet,2010 Chevrolet Express,2010,310,334
247,200,105,All-wheel drive,Volvo 4.4L 8 Cylinder 311 hp 325 ft-lbs,TRUE,6,6 Speed Automatic,14,Gasoline,21,Automatic transmission,2011 Volvo XC90 V8,Volvo,2011 Volvo XC90,2011,311,325
247,200,105,All-wheel drive,Volvo 4.4L 8 Cylinder 311 hp 325 ft-lbs,TRUE,6,6 Speed Automatic,13,Gasoline,19,Automatic transmission,2010 Volvo XC90 V8,Volvo,2010 Volvo XC90,2010,311,325
213,243,69,All-wheel drive,Volvo 4.4L 8 Cylinder 311 hp 325 ft-lbs,TRUE,6,6 Speed Automatic,15,Gasoline,22,Automatic transmission,2010 Volvo S80 V8,Volvo,2010 Volvo S80,2010,311,325
203,19,72,All-wheel drive,Volvo 3.0 L 6 Cylinder 300 HP 325 ft-lbs Turbo,TRUE,6,6 Speed Automatic Select Shift,18,Gasoline,26,Automatic transmission,2012 Volvo S60 T6 AWD,Volvo,2012 Volvo S60,2012,300,325
203,14,72,All-wheel drive,Volvo 3.0 L 6 Cylinder 300 HP 325 ft-lbs Turbo,TRUE,6,6 Speed Automatic,18,Gasoline,26,Automatic transmission,2011 Volvo S60 T6 AWD,Volvo,2011 Volvo S60,2011,300,325
201,221,191,All-wheel drive,Audi 4.2L 8 cylinder 350 hp 325 ft-lbs,TRUE,6,6 Speed Automatic Select Shift,13,Gasoline,18,Automatic transmission,2009 Audi Q7 4.2,Audi,2009 Audi Q7,2009,350,325
175,19,97,All-wheel drive,Volvo 3.0 L 6 Cylinder 300 HP 325 ft-lbs Turbo,TRUE,6,6 Speed Automatic,17,Gasoline,22,Automatic transmission,2011 Volvo XC60 T6 AWD,Volvo,2011 Volvo XC60,2011,300,325
66,230,69,All-wheel drive,Volvo 3.0 L 6 Cylinder 300 HP 325 ft-lbs Turbo,TRUE,6,6 Speed Automatic,17,Gasoline,22,Automatic transmission,2011 Volvo XC70 T6 AWD,Volvo,2011 Volvo XC70,2011,300,325
82,215,240,Rear-wheel drive,Chevrolet 4.8L 8 Cylinder 302 hp 305 ft-lbs FFV,TRUE,4,4 Speed Automatic,14,Gasoline,19,Automatic transmission,2011 Chevrolet Silverado 1500 Crew Cab Work Truck,Chevrolet,2011 Chevrolet Silverado 1500,2011,302,305
82,215,240,Rear-wheel drive,Chevrolet 4.8L 8 Cylinder 302 hp 305 ft-lbs FFV,TRUE,4,4 Speed Automatic,14,Gasoline,19,Automatic transmission,2010 Chevrolet Silverado 1500 Crew Cab Work Truck,Chevrolet,2010 Chevrolet Silverado 1500,2010,302,305
213,243,69,All-wheel drive,Volvo 3.0L 6 Cylinder 281 hp 295 ft-lbs Turbo,TRUE,6,6 Speed Automatic Select Shift,16,Gasoline,24,Automatic transmission,2010 Volvo S80 T6 AWD,Volvo,2010 Volvo S80,2010,281,295
175,19,97,All-wheel drive,Volvo 3.0L 6 Cylinder 281 hp 295 ft-lbs Turbo,TRUE,6,6 Speed Automatic Select Shift,16,Gasoline,21,Automatic transmission,2010 Volvo XC60 T6 AWD,Volvo,2010 Volvo XC60,2010,281,295
66,230,69,All-wheel drive,Volvo 3.0L 6 Cylinder 281 hp 295 ft-lbs Turbo,TRUE,6,6 Speed Automatic,16,Gasoline,21,Automatic transmission,2010 Volvo XC70 T6 AWD,Volvo,2010 Volvo XC70,2010,281,295
22,60,219,Rear-wheel drive,Chevrolet 4.8L 8 Cylinder 280 hp 295 ft-lbs FFV,TRUE,6,6 Speed Automatic,8,E85,12,Automatic transmission,2011 Chevrolet Express LS 2500,Chevrolet,2011 Chevrolet Express,2011,280,295
93,216,133,Four-wheel drive,Toyota 4.0L 6 Cylinder 270 hp 278 ft-lbs,TRUE,5,5 Speed Automatic,17,Gasoline,22,Automatic transmission,2011 Toyota 4Runner Trail,Toyota,2011 Toyota 4Runner,2011,270,278
93,216,133,Four-wheel drive,Toyota 4.0L 6 Cylinder 270 hp 278 ft-lbs,TRUE,5,5 Speed Automatic,17,Gasoline,22,Automatic transmission,2010 Toyota 4Runner Trail,Toyota,2010 Toyota 4Runner,2010,270,278
24,216,133,Rear-wheel drive,Toyota 4.0L 6 Cylinder 270 hp 278 ft-lbs,TRUE,5,5 Speed Automatic,17,Gasoline,23,Automatic transmission,2011 Toyota 4Runner SR5,Toyota,2011 Toyota 4Runner,2011,270,278
24,216,24,Four-wheel drive,Toyota 4.0L 6 Cylinder 270 hp 278 ft-lbs,TRUE,5,5 Speed Automatic,17,Gasoline,22,Automatic transmission,2011 Toyota 4Runner SR5 4WD,Toyota,2011 Toyota 4Runner,2011,270,278
24,216,133,Rear-wheel drive,Toyota 4.0L 6 Cylinder 270 hp 278 ft-lbs,TRUE,5,5 Speed Automatic,17,Gasoline,23,Automatic transmission,2011 Toyota 4Runner Limited,Toyota,2011 Toyota 4Runner,2011,270,278
24,216,133,Four-wheel drive,Toyota 4.0L 6 Cylinder 270 hp 278 ft-lbs,TRUE,5,5 Speed Automatic,17,Gasoline,22,Automatic transmission,2011 Toyota 4Runner  Limited 4WD,Toyota,2011 Toyota 4Runner,2011,270,278
24,216,133,Rear-wheel drive,Toyota 4.0L 6 Cylinder 270 hp 278 ft-lbs,TRUE,5,5 Speed Automatic,17,Gasoline,23,Automatic transmission,2010 Toyota 4Runner SR5 V6,Toyota,2010 Toyota 4Runner,2010,270,278
24,216,133,Four-wheel drive,Toyota 4.0L 6 Cylinder 270 hp 278 ft-lbs,TRUE,5,5 Speed Automatic,17,Gasoline,22,Automatic transmission,2010 Toyota 4Runner SR5 V6 4WD,Toyota,2010 Toyota 4Runner,2010,270,278
24,216,133,Rear-wheel drive,Toyota 4.0L 6 Cylinder 270 hp 278 ft-lbs,TRUE,5,5 Speed Automatic,17,Gasoline,23,Automatic transmission,2010 Toyota 4Runner Limited,Toyota,2010 Toyota 4Runner,2010,270,278
24,216,133,Four-wheel drive,Toyota 4.0L 6 Cylinder 270 hp 278 ft-lbs,TRUE,5,5 Speed Automatic,17,Gasoline,22,Automatic transmission,2010 Toyota 4Runner Limited 4WD,Toyota,2010 Toyota 4Runner,2010,270,278
43,52,52,Rear-wheel drive,Nissan 3.7L 6 Cylinder 350hp 276 ft-lbs,TRUE,6,6 Speed Manual,18,Gasoline,26,Manual transmission,2011 Nissan 370Z NISMO,Nissan,2011 Nissan 370Z Coupe,2011,350,276
35,75,52,Rear-wheel drive,Nissan 3.7L 6 Cylinder 350hp 276 ft-lbs,TRUE,6,6 Speed Manual,18,Gasoline,26,Manual transmission,2010 Nissan 370Z NISMO,Nissan,2010 Nissan 370Z Coupe,2010,350,276
35,75,52,Rear-wheel drive,Nissan 3.7L 6 Cylinder 350hp 276 ft-lbs,TRUE,6,6 Speed Manual,18,Gasoline,26,Manual transmission,2009 Nissan 370Z NISMO,Nissan,2009 Nissan 370Z Coupe,2009,350,276
172,63,87,All-wheel drive,Acura 3.7L 6 Cylinder 305 hp 273 ft-lbs,TRUE,6,6 Speed Automatic Select Shift,18,Gasoline,26,Automatic transmission,2012 Acura TL SH-AWD,Acura,2012 Acura TL,2012,305,273
45,150,57,Rear-wheel drive,Nissan 3.7L 6 Cylinder 332 hp 270 ft-lbs,TRUE,6,6 Speed Manual,18,Gasoline,25,Manual transmission,2011 Nissan 370Z Roadster,Nissan,2011 Nissan 370Z Roadster,2011,332,270
45,150,57,Rear-wheel drive,Nissan 3.7L 6 Cylinder 332 hp 270 ft-lbs,TRUE,7,7 Speed Automatic Select Shift,18,Gasoline,25,Automatic transmission,2011 Nissan 370Z Roadster AT,Nissan,2011 Nissan 370Z Roadster,2011,332,270
45,150,57,Rear-wheel drive,Nissan 3.7L 6 Cylinder 332 hp 270 ft-lbs,TRUE,6,6 Speed Manual,18,Gasoline,25,Manual transmission,2011 Nissan 370Z Touring Roadster,Nissan,2011 Nissan 370Z Roadster,2011,332,270
45,150,57,Rear-wheel drive,Nissan 3.7L 6 Cylinder 332 hp 270 ft-lbs,TRUE,7,7 Speed Automatic Select Shift,18,Gasoline,25,Automatic transmission,2011 Nissan 370Z Touring Roadster AT,Nissan,2011 Nissan 370Z Roadster,2011,332,270
45,150,57,Rear-wheel drive,Nissan 3.7L 6 Cylinder 332 hp 270 ft-lbs,TRUE,6,6 Speed Manual,18,Gasoline,25,Manual transmission,2010 Nissan 370Z Touring Roadster,Nissan,2010 Nissan 370Z Roadster,2010,332,270
45,150,57,Rear-wheel drive,Nissan 3.7L 6 Cylinder 332 hp 270 ft-lbs,TRUE,6,6 Speed Manual,18,Gasoline,25,Manual transmission,2010 Nissan 370Z Roadster,Nissan,2010 Nissan 370Z Roadster,2010,332,270
45,150,57,Rear-wheel drive,Nissan 3.7L 6 Cylinder 332 hp 270 ft-lbs,TRUE,7,7 Speed Automatic Select Shift,18,Gasoline,25,Automatic transmission,2010 Nissan 370Z Roadster AT,Nissan,2010 Nissan 370Z Roadster,2010,332,270
45,150,57,Rear-wheel drive,Nissan 3.7L 6 Cylinder 332 hp 270 ft-lbs,TRUE,7,7 Speed Automatic Select Shift,18,Gasoline,25,Automatic transmission,2010 Nissan 370Z Touring Roadster AT,Nissan,2010 Nissan 370Z Roadster,2010,332,270
35,150,52,Rear-wheel drive,Nissan 3.7L 6 Cylinder 332 hp 270 ft-lbs,TRUE,6,6 Speed Manual,18,Gasoline,26,Manual transmission,2011 Nissan 370Z Coupe,Nissan,2011 Nissan 370Z Coupe,2011,332,270
35,150,52,Rear-wheel drive,Nissan 3.7L 6 Cylinder 332 hp 270 ft-lbs,TRUE,6,6 Speed Manual,18,Gasoline,26,Manual transmission,2011 Nissan 370Z Touring Coupe,Nissan,2011 Nissan 370Z Coupe,2011,332,270
35,150,52,Rear-wheel drive,Nissan 3.7L 6 Cylinder 332 hp 270 ft-lbs,TRUE,7,7 Speed Automatic Select Shift,19,Gasoline,26,Automatic transmission,2011 Nissan 370Z Touring Coupe AT,Nissan,2011 Nissan 370Z Coupe,2011,332,270
35,150,52,Rear-wheel drive,Nissan 3.7L 6 Cylinder 332 hp 270 ft-lbs,TRUE,6,6 Speed Manual,18,Gasoline,26,Manual transmission,2011 Nissan 370Z Touring Coupe,Nissan,2011 Nissan 370Z Coupe,2011,332,270
35,150,52,Rear-wheel drive,Nissan 3.7L 6 Cylinder 332 hp 270 ft-lbs,TRUE,7,7 Speed Automatic Select Shift,19,Gasoline,26,Automatic transmission,2010 Nissan 370Z Touring Coupe AT,Nissan,2010 Nissan 370Z Coupe,2010,332,270
35,150,52,Rear-wheel drive,Nissan 3.7L 6 Cylinder 332 hp 270 ft-lbs,TRUE,6,6 Speed Manual,18,Gasoline,26,Manual transmission,2010 Nissan 370Z Coupe,Nissan,2010 Nissan 370Z Coupe,2010,332,270
35,150,52,Rear-wheel drive,Nissan 3.7L 6 Cylinder 332 hp 270 ft-lbs,TRUE,6,6 Speed Manual,18,Gasoline,26,Manual transmission,2010 Nissan 370Z Touring Coupe,Nissan,2010 Nissan 370Z Coupe,2010,332,270
35,150,52,Rear-wheel drive,Nissan 3.7L 6 Cylinder 332 hp 270 ft-lbs,TRUE,7,7 Speed Automatic Select Shift,19,Gasoline,26,Automatic transmission,2010 Nissan 370Z Coupe AT,Nissan,2010 Nissan 370Z Coupe,2010,332,270
203,19,72,Front-wheel drive,Volvo 2.5L 5 Cylinder 250 hp 266 ft-lbs Turbo,TRUE,6,6 Speed Automatic Select Shift,20,Gasoline,30,Automatic transmission,2012 Volvo S60 T5,Volvo,2012 Volvo S60,2012,250,266
201,221,191,All-wheel drive,Audi 3.6L 6 cylinder 280hp 266 ft-lbs,TRUE,6,6 Speed Automatic Select Shift,14,Gasoline,20,Automatic transmission,2009 Audi Q7 3.6,Audi,2009 Audi Q7,2009,280,266
85,215,237,Rear-wheel drive,Chevrolet 4.3L 6 Cylinder 195 hp 260 ft-lbs,TRUE,4,4 Speed Automatic,15,Gasoline,20,Automatic transmission,2011 Chevrolet Silverado 1500 Extended Cab Work Truck,Chevrolet,2011 Chevrolet Silverado 1500,2011,195,260
85,215,237,Rear-wheel drive,Chevrolet 4.3L 6 Cylinder 195 hp 260 ft-lbs,TRUE,4,4 Speed Automatic,15,Gasoline,20,Automatic transmission,2010 Chevrolet Silverado 1500 Extended Cab Work Truck,Chevrolet,2010 Chevrolet Silverado 1500,2010,195,260
77,102,237,Rear-wheel drive,Chevrolet 4.3L 6 Cylinder 195 hp 260 ft-lbs,TRUE,4,4 Speed Automatic,15,Gasoline,20,Automatic transmission,2011 Chevrolet Silverado 1500 Work Truck,Chevrolet,2011 Chevrolet Silverado 1500,2011,195,260
77,102,237,Rear-wheel drive,Chevrolet 4.3L 6 Cylinder 195 hp 260 ft-lbs,TRUE,4,4 Speed Automatic,15,Gasoline,20,Automatic transmission,2010 Chevrolet Silverado 1500 Work Truck,Chevrolet,2010 Chevrolet Silverado 1500,2010,195,260
156,95,248,All-wheel drive,Audi 2.0L 4 cylinder 211 hp 258 ft-lbs Turbo,TRUE,8,8 Speed Automatic Select Shift,21,Gasoline,29,Automatic transmission,2012 Audi A4 Avant 2.0 T,Audi,2012 Audi A4 Avant,2012,211,258
156,95,214,All-wheel drive,Audi 2.0L 4 cylinder 211 hp 258 ft-lbs Turbo,TRUE,8,8 Speed Automatic Select Shift,21,Gasoline,29,Automatic transmission,2011 Audi A4 Avant 2.0 T,Audi,2011 Audi A4 Avant,2011,211,258
155,95,34,All-wheel drive,Audi 2.0L 4 cylinder 211 hp 258 ft-lbs Turbo,TRUE,6,6 Speed Automatic Select Shift,23,Gasoline,30,Automatic transmission,2010 Audi A4 Avant 2.0 T,Audi,2010 Audi A4 Avant,2010,211,258
147,96,34,All-wheel drive,Audi 2.0L 4 cylinder 211 hp 258 ft-lbs Turbo,TRUE,6,6 Speed Manual,22,Gasoline,30,Manual transmission,2009 Audi A4 Sedan 2.0 T Quattro,Audi,2009 Audi A4 Sedan,2009,211,258
147,96,34,All-wheel drive,Audi 2.0L 4 cylinder 211 hp 258 ft-lbs Turbo,TRUE,6,6 Speed Automatic Select Shift,21,Gasoline,27,Automatic transmission,2009 Audi A4 Sedan 2.0 T Quattro AT,Audi,2009 Audi A4 Sedan,2009,211,258
147,95,248,All-wheel drive,Audi 2.0L 4 cylinder 211 hp 258 ft-lbs Turbo,TRUE,6,6 Speed Manual,21,Gasoline,31,Manual transmission,2012 Audi A4 Sedan 2.0 T Quattro,Audi,2012 Audi A4 Sedan,2012,211,258
147,95,248,All-wheel drive,Audi 2.0L 4 cylinder 211 hp 258 ft-lbs Turbo,TRUE,8,8 Speed Automatic Select Shift,21,Gasoline,29,Automatic transmission,2012 Audi A4 Sedan 2.0 T Quattro AT,Audi,2012 Audi A4 Sedan,2012,211,258
147,95,214,All-wheel drive,Audi 2.0L 4 cylinder 211 hp 258 ft-lbs Turbo,TRUE,6,6 Speed Manual,21,Gasoline,31,Manual transmission,2011 Audi A4 Sedan 2.0 T Quattro,Audi,2011 Audi A4 Sedan,2011,211,258
147,95,214,All-wheel drive,Audi 2.0L 4 cylinder 211 hp 258 ft-lbs Turbo,TRUE,8,8 Speed Automatic Select Shift,21,Gasoline,29,Automatic transmission,2011 Audi A4 Sedan 2.0 T Quattro AT,Audi,2011 Audi A4 Sedan,2011,211,258
147,95,34,All-wheel drive,Audi 2.0L 4 cylinder 211 hp 258 ft-lbs Turbo,TRUE,6,6 Speed Automatic Select Shift,21,Gasoline,27,Automatic transmission,2010 Audi A4 Sedan 2.0 T Quattro AT,Audi,2010 Audi A4 Sedan,2010,211,258
147,95,34,All-wheel drive,Audi 2.0L 4 cylinder 211 hp 258 ft-lbs Turbo,TRUE,6,6 Speed Manual,22,Gasoline,30,Manual transmission,2010 Audi A4 Sedan 2.0 T Quattro,Audi,2010 Audi A4 Sedan,2010,211,258
172,63,87,Front-wheel drive,Acura 3.5L 6 Cylinder 280 hp 254 ft-lbs,TRUE,6,6 Speed Automatic Select Shift,20,Gasoline,29,Automatic transmission,2012 Acura TL,Acura,2012 Acura TL,2012,280,254
152,240,57,Front-wheel drive,Honda 3.5L 6 Cylinder 271hp 251 ft-lbs,TRUE,6,6 Speed Manual,17,Gasoline,25,Manual transmission,2010 Honda Accord EX-L V-6 Coup,Honda,2010 Honda Accord Coupe,2010,271,251
152,240,57,Front-wheel drive,Honda 3.5L 6 Cylinder 271hp 251 ft-lbs,TRUE,5,5 Speed Automatic,19,Gasoline,28,Automatic transmission,2010 Honda Accord EX-L V-6 Coup AT,Honda,2010 Honda Accord Coupe,2010,271,251
147,96,34,All-wheel drive,Audi 3.2L 6 cylinder 265hp 243 ft-lbs,TRUE,6,6 Speed Automatic Select Shift,17,Gasoline,26,Automatic transmission,2009 Audi A4 Sedan 3.2,Audi,2009 Audi A4 Sedan,2009,265,243
91,17,62,All-wheel drive,Audi 3.2L 6 cylinder 265hp 243 ft-lbs,TRUE,6,6 Speed Manual,16,Gasoline,27,Manual transmission,2009 Audi A5 3.2,Audi,2009 Audi A5,2009,265,243
91,17,62,All-wheel drive,Audi 3.2L 6 cylinder 265hp 243 ft-lbs,TRUE,6,6 Speed Automatic Select Shift,17,Gasoline,26,Automatic transmission,2009 Audi A5 3.2 AT,Audi,2009 Audi A5,2009,265,243
247,200,105,Front-wheel drive,Volvo 3.2 L 6 cylinder 240 hp 236 ft-lbs,TRUE,6,6 Speed Automatic,16,Gasoline,22,Automatic transmission,2011 Volvo XC90 3.2,Volvo,2011 Volvo XC90,2011,240,236
247,200,105,Front-wheel drive,Volvo 3.2L 6 Cylinder 235 hp 236 ft-lbs,TRUE,6,6 Speed Automatic,15,Gasoline,22,Automatic transmission,2010 Volvo XC90 3.2,Volvo,2010 Volvo XC90,2010,235,236
213,243,69,Front-wheel drive,Volvo 3.2 L 6 cylinder 240 hp 236 ft-lbs,TRUE,6,6 Speed Automatic Select Shift,19,Gasoline,27,Automatic transmission,2011 Volvo S80 3.2,Volvo,2011 Volvo S80,2011,240,236
213,243,69,Front-wheel drive,Volvo 3.2L 6 Cylinder 235 hp 236 ft-lbs,TRUE,6,6 Speed Automatic,18,Gasoline,27,Automatic transmission,2010 Volvo S80 3.2,Volvo,2010 Volvo S80,2010,235,236
193,169,234,All-wheel drive,Volvo 2.5L 5 Cylinder 227 hp 236 ft-lbs Turbo,TRUE,6,6 Speed Manual,20,Gasoline,26,Manual transmission,2010 Volvo V50 R-Design,Volvo,2010 Volvo V50,2010,227,236
190,123,234,All-wheel drive,Volvo 2.5L 5 Cylinder 227 hp 236 ft-lbs Turbo,TRUE,6,6 Speed Manual,20,Gasoline,27,Manual transmission,2010 Volvo S40 R-Design AWD,Volvo,2010 Volvo S40,2010,227,236
190,123,234,All-wheel drive,Volvo 2.5L 5 Cylinder 227 hp 236 ft-lbs Turbo,TRUE,5,5 Speed Automatic,20,Gasoline,27,Automatic transmission,2010 Volvo S40 R-Design AT AWD,Volvo,2010 Volvo S40,2010,227,236
177,169,234,Front-wheel drive,Volvo 2.5L 5 Cylinder 227 hp 236 ft-lbs Turbo,TRUE,5,5 Speed Automatic,21,Gasoline,30,Automatic transmission,2011 Volvo V50 T5,Volvo,2011 Volvo V50,2011,227,236
175,19,97,Front-wheel drive,Volvo 3.2 L 6 cylinder 240 hp 236 ft-lbs,TRUE,6,6 Speed Automatic,18,Gasoline,25,Automatic transmission,2011 Volvo XC60 3.2,Volvo,2011 Volvo XC60,2011,240,236
175,19,97,Front-wheel drive,Volvo 3.2L 6 Cylinder 235 hp 236 ft-lbs,TRUE,6,6 Speed Automatic,18,Gasoline,27,Automatic transmission,2010 Volvo XC60 3.2,Volvo,2010 Volvo XC60,2010,235,236
172,123,234,Front-wheel drive,Volvo 2.5L 5 Cylinder 227 hp 236 ft-lbs Turbo,TRUE,5,5 Speed Automatic,21,Gasoline,30,Automatic transmission,2010 Volvo S40 R-Design,Volvo,2010 Volvo S40,2010,227,236
172,123,234,Front-wheel drive,Volvo 2.5L 5 Cylinder 227 hp 236 ft-lbs Turbo,TRUE,5,5 Speed Automatic,21,Gasoline,30,Automatic transmission,2011 Volvo S40 T5,Volvo,2011 Volvo S40,2011,227,236
167,168,247,Front-wheel drive,Volvo 2.5L 5 Cylinder 227 hp 236 ft-lbs Turbo,TRUE,6,6 Speed Manual,21,Gasoline,29,Manual transmission,2011 Volvo C30 T5,Volvo,2011 Volvo C30,2011,227,236
167,168,247,Front-wheel drive,Volvo 2.5L 5 Cylinder 227 hp 236 ft-lbs Turbo,TRUE,5,5 Speed Automatic,21,Gasoline,30,Automatic transmission,2011 Volvo C30 T5 AT,Volvo,2011 Volvo C30,2011,227,236
167,155,247,Front-wheel drive,Volvo 2.5L 5 Cylinder 227 hp 236 ft-lbs Turbo,TRUE,5,5 Speed Automatic,21,Gasoline,30,Automatic transmission,2010 Volvo C30 T5 AT,Volvo,2010 Volvo C30,2010,227,236
167,155,247,Front-wheel drive,Volvo 2.5L 5 Cylinder 227 hp 236 ft-lbs Turbo,TRUE,6,6 Speed Manual,21,Gasoline,29,Manual transmission,2010 Volvo C30 T5,Volvo,2010 Volvo C30,2010,227,236
167,168,247,Front-wheel drive,Volvo 2.5L 5 Cylinder 227 hp 236 ft-lbs Turbo,TRUE,5,5 Speed Automatic,21,Gasoline,30,Automatic transmission,2011 Volvo C30 R-Design AT,Volvo,2011 Volvo C30,2011,227,236
167,168,247,Front-wheel drive,Volvo 2.5L 5 Cylinder 227 hp 236 ft-lbs Turbo,TRUE,6,6 Speed Manual,21,Gasoline,29,Manual transmission,2011 Volvo C30 R-Design,Volvo,2011 Volvo C30,2011,227,236
167,155,247,Front-wheel drive,Volvo 2.5L 5 Cylinder 227 hp 236 ft-lbs Turbo,TRUE,5,5 Speed Automatic,21,Gasoline,30,Automatic transmission,2010 Volvo C30 R-Design AT,Volvo,2010 Volvo C30,2010,227,236
167,155,247,Front-wheel drive,Volvo 2.5L 5 Cylinder 227 hp 236 ft-lbs Turbo,TRUE,6,6 Speed Manual,21,Gasoline,29,Manual transmission,2010 Volvo C30 R-Design,Volvo,2010 Volvo C30,2010,227,236
140,143,202,All-wheel drive,Audi 3.2L 6 cylinder 250hp 236ft-lbs,TRUE,6,6 Speed Automatic Select Shift,18,Gasoline,25,Automatic transmission,2009 Audi A3 3.2,Audi,2009 Audi A3,2009,250,236
120,7,44,Front-wheel drive,Volvo 2.5L 5 Cylinder 227 hp 236 ft-lbs Turbo,TRUE,5,5 Speed Automatic,19,Gasoline,28,Automatic transmission,2011 Volvo C70 T5,Volvo,2011 Volvo C70,2011,227,236
119,230,44,Front-wheel drive,Volvo 2.5L 5 Cylinder 227 hp 236 ft-lbs Turbo,TRUE,6,6 Speed Manual,20,Gasoline,28,Manual transmission,2010 Volvo C70 T5,Volvo,2010 Volvo C70,2010,227,236
119,230,44,Front-wheel drive,Volvo 2.5L 5 Cylinder 227 hp 236 ft-lbs Turbo,TRUE,5,5 Speed Automatic,19,Gasoline,28,Automatic transmission,2010 Volvo C70 T5 AT,Volvo,2010 Volvo C70,2010,227,236
66,230,69,Front-wheel drive,Volvo 3.2 L 6 cylinder 240 hp 236 ft-lbs,TRUE,6,6 Speed Automatic,18,Gasoline,25,Automatic transmission,2011 Volvo XC70 3.2,Volvo,2011 Volvo XC70,2011,240,236
66,230,69,All-wheel drive,Volvo 3.2L 6 Cylinder 235 hp 236 ft-lbs,TRUE,6,6 Speed Automatic,16,Gasoline,22,Automatic transmission,2010 Volvo XC70 3.2,Volvo,2010 Volvo XC70,2010,235,236
10,215,69,Front-wheel drive,Volvo 3.2L 6 Cylinder 235 hp 236 ft-lbs,TRUE,6,6 Speed Automatic,18,Gasoline,27,Automatic transmission,2010 Volvo V70 3.2,Volvo,2010 Volvo V70,2010,235,236
143,196,203,Front-wheel drive,Audi 2.0L 4 cylinder 200 hp 207 ft-lbs Turbo,TRUE,6,6 Speed Manual,21,Gasoline,30,Manual transmission,2012 Audi A3 2.0 T,Audi,2012 Audi A3,2012,200,207
143,196,203,Front-wheel drive,Audi 2.0L 4 cylinder 200 hp 207 ft-lbs Turbo,TRUE,6,6 Speed Manual,21,Gasoline,30,Manual transmission,2011 Audi A3 2.0 T,Audi,2011 Audi A3,2011,200,207
143,196,203,Front-wheel drive,Audi 2.0L 4 cylinder 200 hp 207 ft-lbs Turbo,TRUE,6,6 Speed Manual,21,Gasoline,30,Manual transmission,2010 Audi A3 2.0 T,Audi,2010 Audi A3,2010,200,207
140,143,202,Front-wheel drive,Audi 2.0L 4 cylinder 200 hp 207 ft-lbs Turbo,TRUE,6,6 Speed Automatic Select Shift,22,Gasoline,28,Automatic transmission,2009 Audi A3 2.0 T AT,Audi,2009 Audi A3,2009,200,207
140,143,202,Front-wheel drive,Audi 2.0L 4 cylinder 200 hp 207 ft-lbs Turbo,TRUE,6,6 Speed Manual,21,Gasoline,30,Manual transmission,2009 Audi A3 2.0 T,Audi,2009 Audi A3,2009,200,207
140,143,202,All-wheel drive,Audi 2.0L 4 cylinder 200 hp 207 ft-lbs Turbo,TRUE,6,6 Speed Automatic Select Shift,21,Gasoline,28,Automatic transmission,2009 Audi A3 2.0 T Quattro,Audi,2009 Audi A3,2009,200,207
140,143,202,All-wheel drive,Audi 2.0L 4 cylinder 200 hp 207 ft-lbs Turbo,TRUE,6,6 Speed Automatic Select Shift,21,Gasoline,28,Automatic transmission,2009 Audi A3 2.0 T Quattro,Audi,2009 Audi A3,2009,200,207
120,140,181,Rear-wheel drive,Chevrolet 2.9L 4 Cylinder 185 hp 190 ft-lbs,TRUE,4,4 Speed Automatic,18,Gasoline,25,Automatic transmission,2012 Chevrolet Colorado Crew Cab 1LT,Chevrolet,2012 Chevrolet Colorado,2012,185,190
120,140,181,Rear-wheel drive,Chevrolet 2.9L 4 Cylinder 185 hp 190 ft-lbs,TRUE,4,4 Speed Automatic,18,Gasoline,25,Automatic transmission,2011 Chevrolet Colorado Crew Cab 1LT,Chevrolet,2011 Chevrolet Colorado,2011,185,190
120,140,181,Rear-wheel drive,Chevrolet 2.9L 4 Cylinder 185 hp 190 ft-lbs,TRUE,4,4 Speed Automatic,18,Gasoline,25,Automatic transmission,2010 Chevrolet Colorado Crew Cab LT1,Chevrolet,2010 Chevrolet Colorado,2010,185,190
112,22,181,Rear-wheel drive,Chevrolet 2.9L 4 Cylinder 185 hp 190 ft-lbs,TRUE,5,5 Speed Manual,18,Gasoline,25,Manual transmission,2012 Chevrolet Colorado Work Truck,Chevrolet,2012 Chevrolet Colorado,2012,185,190
112,140,181,Rear-wheel drive,Chevrolet 2.9L 4 Cylinder 185 hp 190 ft-lbs,TRUE,5,5 Speed Manual,18,Gasoline,25,Manual transmission,2012 Chevrolet Colorado Extended Cab Work Truck,Chevrolet,2012 Chevrolet Colorado,2012,185,190
112,22,181,Rear-wheel drive,Chevrolet 2.9L 4 Cylinder 185 hp 190 ft-lbs,TRUE,5,5 Speed Manual,18,Gasoline,25,Manual transmission,2011 Chevrolet Colorado Work Truck,Chevrolet,2011 Chevrolet Colorado,2011,185,190
112,140,181,Rear-wheel drive,Chevrolet 2.9L 4 Cylinder 185 hp 190 ft-lbs,TRUE,5,5 Speed Manual,18,Gasoline,25,Manual transmission,2011 Chevrolet Colorado Extended Cab Work Truck,Chevrolet,2011 Chevrolet Colorado,2011,185,190
112,22,181,Rear-wheel drive,Chevrolet 2.9L 4 Cylinder 185 hp 190 ft-lbs,TRUE,5,5 Speed Manual,18,Gasoline,25,Manual transmission,2010 Chevrolet Colorado Work Truck,Chevrolet,2010 Chevrolet Colorado,2010,185,190
112,140,181,Rear-wheel drive,Chevrolet 2.9L 4 Cylinder 185 hp 190 ft-lbs,TRUE,5,5 Speed Manual,20,Gasoline,26,Manual transmission,2010 Chevrolet Colorado Extended Cab Work Truck,Chevrolet,2010 Chevrolet Colorado,2010,185,190
24,216,133,Rear-wheel drive,Toyota 2.7L 4 Cylinder 157 hp 178 ft-lbs,TRUE,4,4 Speed Automatic,18,Gasoline,23,Automatic transmission,2010 Toyota 4Runner SR5,Toyota,2010 Toyota 4Runner,2010,157,178
177,169,234,Front-wheel drive,Volvo 2.4L 5 Cylinder 168 hp 166 ft-lbs,TRUE,5,5 Speed Automatic Select Shift,20,Gasoline,31,Automatic transmission,2010 Volvo V50 2.4i,Volvo,2010 Volvo V50,2010,168,170
172,123,234,Front-wheel drive,Volvo 2.4L 5 Cylinder 168 hp 166 ft-lbs,TRUE,5,5 Speed Manual,21,Gasoline,29,Manual transmission,2010 Volvo S40 2.4i,Volvo,2010 Volvo S40,2010,168,170
172,123,234,Front-wheel drive,Volvo 2.4L 5 Cylinder 168 hp 166 ft-lbs,TRUE,5,5 Speed Automatic,21,Gasoline,29,Automatic transmission,2010 Volvo S40 2.4i AT,Volvo,2010 Volvo S40,2010,168,170
152,240,57,Front-wheel drive,Honda 2.4L 4 cylinder 190 hp 162 ft-lbs,TRUE,5,5 Speed Automatic,21,Gasoline,31,Automatic transmission,2010 Honda Accord EX Coup AT,Honda,2010 Honda Accord Coupe,2010,190,162
152,240,57,Front-wheel drive,Honda 2.4L 4 cylinder 190 hp 162 ft-lbs,TRUE,5,5 Speed Manual,22,Gasoline,31,Manual transmission,2010 Honda Accord EX-L Coup,Honda,2010 Honda Accord Coupe,2010,190,162
152,240,57,Front-wheel drive,Honda 2.4L 4 cylinder 190 hp 162 ft-lbs,TRUE,5,5 Speed Automatic,21,Gasoline,31,Automatic transmission,2010 Honda Accord EX-L Coup AT,Honda,2010 Honda Accord Coupe,2010,190,162
152,240,57,Front-wheel drive,Honda 2.4L 4 cylinder 190 hp 162 ft-lbs,TRUE,5,5 Speed Manual,22,Gasoline,31,Manual transmission,2010 Honda Accord EX Coup,Honda,2010 Honda Accord Coupe,2010,190,162
152,240,57,Front-wheel drive,Honda 2.4L 4 cylinder 190 hp 162 ft-lbs,TRUE,5,5 Speed Automatic,21,Gasoline,31,Automatic transmission,2010 Honda Accord LX-S Coup AT,Honda,2010 Honda Accord Coupe,2010,190,162
152,240,57,Front-wheel drive,Honda 2.4L 4 cylinder 190 hp 162 ft-lbs,TRUE,5,5 Speed Manual,22,Gasoline,31,Manual transmission,2010 Honda Accord LX-S Coup,Honda,2010 Honda Accord Coupe,2010,190,162
193,57,186,Front-wheel drive,Ford 1.6L 4 Cylinder 120 hp 112 ft-lbs,TRUE,5,5 Speed Manual,29,Gasoline,38,Manual transmission,2012 Ford Fiesta S Sedan,Ford,2012 Ford Fiesta Sedan,2012,120,112
193,57,186,Front-wheel drive,Ford 1.6L 4 Cylinder 120 hp 112 ft-lbs,TRUE,5,5 Speed Manual,29,Gasoline,38,Manual transmission,2012 Ford Fiesta SE Sedan,Ford,2012 Ford Fiesta Sedan,2012,120,112
193,57,186,Front-wheel drive,Ford 1.6L 4 Cylinder 120 hp 112 ft-lbs,TRUE,5,5 Speed Manual,29,Gasoline,38,Manual transmission,2012 Ford Fiesta SEL Sedan,Ford,2012 Ford Fiesta Sedan,2012,120,112
193,57,160,Front-wheel drive,Ford 1.6L 4 Cylinder 120 hp 112 ft-lbs,TRUE,5,5 Speed Manual,38,Gasoline,37,Manual transmission,2011 Ford Fiesta Sedan S,Ford,2011 Ford Fiesta Sedan,2011,120,112
193,57,160,Front-wheel drive,Ford 1.6L 4 Cylinder 120 hp 112 ft-lbs,TRUE,5,5 Speed Manual,28,Gasoline,37,Manual transmission,2011 Ford Fiesta Sedan SE,Ford,2011 Ford Fiesta Sedan,2011,120,112
193,57,160,Front-wheel drive,Ford 1.6L 4 Cylinder 120 hp 112 ft-lbs,TRUE,5,5 Speed Manual,28,Gasoline,37,Manual transmission,2011 Ford Fiesta Sedan SEL,Ford,2011 Ford Fiesta Sedan,2011,120,112
